image,label
(1).jpg,0
(2).jpg,0
(3).jpg,0
(4).jpg,0
(5).jpg,0
(6).jpg,0
(7).jpg,0
(8).jpg,0
(9).jpg,0
(10).jpg,0
(11).jpg,0
(12).jpg,0
(13).jpg,0
(14).jpg,0
(15).jpg,0
(16).jpg,0
(17).jpg,0
(18).jpg,0
(19).jpg,0
(20).jpg,0
(21).jpg,0
(22).jpg,0
(23).jpg,0
(24).jpg,0
(25).jpg,0
(26).jpg,0
(27).jpg,0
(28).jpg,0
(29).jpg,0
(30).jpg,0
(31).jpg,0
(32).jpg,0
(33).jpg,0
(34).jpg,0
(35).jpg,0
(36).jpg,0
(37).jpg,0
(38).jpg,0
(39).jpg,0
(40).jpg,0
(41).jpg,0
(42).jpg,0
(43).jpg,0
(44).jpg,0
(45).jpg,0
(46).jpg,0
(47).jpg,0
(48).jpg,0
(49).jpg,0
(50).jpg,0
(51).jpg,0
(52).jpg,0
(53).jpg,0
(54).jpg,0
(55).jpg,0
(56).jpg,1
(57).jpg,1
(58).jpg,1
(59).jpg,1
(60).jpg,1
(61).jpg,1
(62).jpg,1
(63).jpg,1
(64).jpg,1
(65).jpg,1
(66).jpg,1
(67).jpg,1
(68).jpg,1
(69).jpg,1
(70).jpg,1
(71).jpg,1
(72).jpg,1
(73).jpg,1
(74).jpg,1
(75).jpg,1
(76).jpg,1
(77).jpg,1
(78).jpg,1
(79).jpg,1
(80).jpg,1
(81).jpg,1
(82).jpg,1
(83).jpg,1
(84).jpg,1
(85).jpg,1
(86).jpg,1
(87).jpg,1
(88).jpg,1
(89).jpg,1
(90).jpg,1
(91).jpg,1
(92).jpg,1
(93).jpg,1
(94).jpg,1
(95).jpg,1
(96).jpg,1
(97).jpg,1
(98).jpg,1
(99).jpg,1
(100).jpg,1
(101).jpg,1
(102).jpg,1
(103).jpg,1
(104).jpg,1
(105).jpg,1
(106).jpg,1
(107).jpg,1
(108).jpg,1
(109).jpg,1
(110).jpg,1
(111).jpg,1
(112).jpg,1
(113).jpg,1
(114).jpg,1
(115).jpg,1
(116).jpg,1
(117).jpg,1
(118).jpg,2
(119).jpg,2
(120).jpg,2
(121).jpg,2
(122).jpg,2
(123).jpg,2
(124).jpg,2
(125).jpg,2
(126).jpg,2
(127).jpg,2
(128).jpg,2
(129).jpg,2
(130).jpg,2
(131).jpg,2
(132).jpg,2
(133).jpg,2
(134).jpg,2
(135).jpg,2
(136).jpg,2
(137).jpg,2
(138).jpg,2
(139).jpg,2
(140).jpg,2
(141).jpg,2
(142).jpg,2
(143).jpg,2
(144).jpg,2
(145).jpg,2
(146).jpg,2
(147).jpg,2
(148).jpg,2
(149).jpg,2
(150).jpg,2
(151).jpg,2
(152).jpg,2
(153).jpg,2
(154).jpg,2
(155).jpg,2
(156).jpg,2
(157).jpg,2
(158).jpg,2
(159).jpg,2
(160).jpg,2
(161).jpg,2
(162).jpg,2
(163).jpg,2
(164).jpg,2
(165).jpg,2
(166).jpg,2
(167).jpg,3
(168).jpg,3
(169).jpg,3
(170).jpg,3
(171).jpg,3
(172).jpg,3
(173).jpg,3
(174).jpg,3
(175).jpg,3
(176).jpg,3
(177).jpg,3
(178).jpg,3
(179).jpg,3
(180).jpg,3
(181).jpg,3
(182).jpg,3
(183).jpg,3
(184).jpg,3
(185).jpg,3
(186).jpg,3
(187).jpg,3
(188).jpg,3
(189).jpg,3
(190).jpg,3
(191).jpg,3
(192).jpg,3
(193).jpg,3
(194).jpg,3
(195).jpg,3
(196).jpg,3
(197).jpg,3
(198).jpg,3
(199).jpg,3
(200).jpg,4
(201).jpg,4
(202).jpg,4
(203).jpg,4
(204).jpg,4
(205).jpg,4
(206).jpg,4
(207).jpg,4
(208).jpg,4
(209).jpg,4
(210).jpg,4
(211).jpg,4
(212).jpg,4
(213).jpg,4
(214).jpg,4
(215).jpg,4
(216).jpg,4
(217).jpg,4
(218).jpg,4
(219).jpg,4
(220).jpg,4
(221).jpg,4
(222).jpg,4
(223).jpg,4
(224).jpg,4
(225).jpg,4
(226).jpg,4
(227).jpg,4
(228).jpg,4
(229).jpg,4
(230).jpg,4
(231).jpg,4
(232).jpg,4
(233).jpg,4
(234).jpg,4
(235).jpg,4
(236).jpg,4
(237).jpg,4
(238).jpg,4
(239).jpg,4
(240).jpg,4
(241).jpg,4
(242).jpg,4
(243).jpg,4
(244).jpg,4
(245).jpg,4
(246).jpg,4
(247).jpg,4
(248).jpg,4
(249).jpg,4
(250).jpg,4
(251).jpg,4
(252).jpg,4
(253).jpg,4
(254).jpg,4
(255).jpg,4
(256).jpg,4
(257).jpg,4
(258).jpg,4
(259).jpg,4
(260).jpg,4
(261).jpg,4
(262).jpg,4
(263).jpg,4
(264).jpg,5
(265).jpg,5
(266).jpg,5
(267).jpg,5
(268).jpg,5
(269).jpg,5
(270).jpg,5
(271).jpg,5
(272).jpg,5
(273).jpg,5
(274).jpg,5
(275).jpg,5
(276).jpg,5
(277).jpg,5
(278).jpg,5
(279).jpg,5
(280).jpg,5
(281).jpg,5
(282).jpg,5
(283).jpg,5
(284).jpg,5
(285).jpg,5
(286).jpg,5
(287).jpg,5
(288).jpg,5
(289).jpg,5
(290).jpg,5
(291).jpg,5
(292).jpg,5
(293).jpg,5
(294).jpg,5
(295).jpg,5
(296).jpg,5
(297).jpg,5
(298).jpg,5
(299).jpg,5
(300).jpg,5
(301).jpg,5
(302).jpg,5
(303).jpg,5
(304).jpg,5
(305).jpg,5
(306).jpg,5
(307).jpg,5
(308).jpg,5
(309).jpg,5
(310).jpg,5
(311).jpg,5
(312).jpg,5
(313).jpg,5
(314).jpg,5
(315).jpg,5
(316).jpg,5
(317).jpg,5
(318).jpg,5
(319).jpg,5
(320).jpg,5
(321).jpg,5
(322).jpg,6
(323).jpg,6
(324).jpg,6
(325).jpg,6
(326).jpg,6
(327).jpg,6
(328).jpg,6
(329).jpg,6
(330).jpg,6
(331).jpg,6
(332).jpg,6
(333).jpg,6
(334).jpg,6
(335).jpg,6
(336).jpg,6
(337).jpg,6
(338).jpg,6
(339).jpg,6
(340).jpg,6
(341).jpg,6
(342).jpg,6
(343).jpg,6
(344).jpg,6
(345).jpg,6
(346).jpg,6
(347).jpg,6
(348).jpg,6
(349).jpg,6
(350).jpg,6
(351).jpg,6
(352).jpg,6
(353).jpg,6
(354).jpg,6
(355).jpg,6
(356).jpg,6
(357).jpg,6
(358).jpg,6
(359).jpg,6
(360).jpg,6
